Sport,Year,Category,Title
FOOTBALL,1950,LEAGUE,LEAGUE CHAMPION
FOOTBALL,1951,LEAGUE,LEAGUE CHAMPION
FOOTBALL,1961,LEAGUE,LEAGUE CHAMPION
FOOTBALL,1962,LEAGUE,LEAGUE CHAMPION
FOOTBALL,1963,LEAGUE,LEAGUE CHAMPION
FOOTBALL,1968,LEAGUE,LEAGUE CHAMPION
FOOTBALL,1972,LEAGUE,LEAGUE CHAMPION
FOOTBALL,1978,LEAGUE,LEAGUE CHAMPION
FOOTBALL,1981,LEAGUE,LEAGUE CHAMPION
FOOTBALL,1988,LEAGUE,LEAGUE CHAMPION
FOOTBALL,1989,LEAGUE,LEAGUE CHAMPION
FOOTBALL,1990,LEAGUE,LEAGUE CHAMPION
FOOTBALL,1991,LEAGUE,LEAGUE CHAMPION
FOOTBALL,1993,LEAGUE,LEAGUE CHAMPION
FOOTBALL,1995,LEAGUE,LEAGUE CHAMPION
FOOTBALL,1996,LEAGUE,LEAGUE CHAMPION
FOOTBALL,1997,LEAGUE,LEAGUE CHAMPION
FOOTBALL,1998,LEAGUE,LEAGUE CHAMPION
FOOTBALL,2001,LEAGUE,LEAGUE CHAMPION
FOOTBALL,2004,LEAGUE,LEAGUE CHAMPION
FOOTBALL,2005,LEAGUE,LEAGUE CHAMPION
FOOTBALL,2006,LEAGUE,LEAGUE CHAMPION
FOOTBALL,2007,LEAGUE,LEAGUE CHAMPION
FOOTBALL,2008,LEAGUE,LEAGUE CHAMPION
FOOTBALL,2009,LEAGUE,LEAGUE CHAMPION
FOOTBALL,2010,LEAGUE,LEAGUE CHAMPION
FOOTBALL,2011,LEAGUE,LEAGUE CHAMPION
FOOTBALL,2012,LEAGUE,LEAGUE CHAMPION
FOOTBALL,2014,LEAGUE,LEAGUE CHAMPION
FOOTBALL,2015,LEAGUE,LEAGUE CHAMPION
FOOTBALL,2016,LEAGUE,LEAGUE CHAMPION
FOOTBALL,2017,LEAGUE,LEAGUE CHAMPION
FOOTBALL,2018,LEAGUE,LEAGUE CHAMPION
FOOTBALL,2019,LEAGUE,LEAGUE CHAMPION
FOOTBALL,2020,LEAGUE,LEAGUE CHAMPION
FOOTBALL,2021,LEAGUE,LEAGUE CHAMPION
FOOTBALL,2022,LEAGUE,LEAGUE CHAMPION
FOOTBALL,2023,LEAGUE,LEAGUE CHAMPION
FOOTBALL,2024,LEAGUE,LEAGUE CHAMPION
FOOTBALL,1968,SUFFOLK COUNTY,SUFFOLK COUNTY CHAMPION
FOOTBALL,1972,SUFFOLK COUNTY,SUFFOLK COUNTY CHAMPION
FOOTBALL,1978,SUFFOLK COUNTY,SUFFOLK COUNTY CHAMPION
FOOTBALL,1983,SUFFOLK COUNTY,SUFFOLK COUNTY CHAMPION
FOOTBALL,1989,SUFFOLK COUNTY,SUFFOLK COUNTY CHAMPION
FOOTBALL,1998,SUFFOLK COUNTY,SUFFOLK COUNTY CHAMPION
FOOTBALL,2004,SUFFOLK COUNTY,SUFFOLK COUNTY CHAMPION
FOOTBALL,2006,SUFFOLK COUNTY,SUFFOLK COUNTY CHAMPION
FOOTBALL,2008,SUFFOLK COUNTY,SUFFOLK COUNTY CHAMPION
FOOTBALL,2010,SUFFOLK COUNTY,SUFFOLK COUNTY CHAMPION
FOOTBALL,2011,SUFFOLK COUNTY,SUFFOLK COUNTY CHAMPION
FOOTBALL,2012,SUFFOLK COUNTY,SUFFOLK COUNTY CHAMPION
FOOTBALL,2014,SUFFOLK COUNTY,SUFFOLK COUNTY CHAMPION
FOOTBALL,2015,SUFFOLK COUNTY,SUFFOLK COUNTY CHAMPION
FOOTBALL,2019,SUFFOLK COUNTY,SUFFOLK COUNTY CHAMPION
FOOTBALL,2020,SUFFOLK COUNTY,SUFFOLK COUNTY CHAMPION
FOOTBALL,2022,SUFFOLK COUNTY,SUFFOLK COUNTY CHAMPION
FOOTBALL,2024,SUFFOLK COUNTY,SUFFOLK COUNTY CHAMPION
FOOTBALL,1998,LONG ISLAND,LONG ISLAND CHAMPION
FOOTBALL,2004,LONG ISLAND,LONG ISLAND CHAMPION
FOOTBALL,2006,LONG ISLAND,LONG ISLAND CHAMPION
FOOTBALL,2008,LONG ISLAND,LONG ISLAND CHAMPION
FOOTBALL,2011,LONG ISLAND,LONG ISLAND CHAMPION
FOOTBALL,2015,LONG ISLAND,LONG ISLAND CHAMPION
FOOTBALL,2022,LONG ISLAND,LONG ISLAND CHAMPION
FOOTBALL,1972,RUTGERS TROPHY,RUTGERS TROPHY WINNERS
FOOTBALL,2004,RUTGERS TROPHY,RUTGERS TROPHY WINNERS
FOOTBALL,2011,RUTGERS TROPHY,RUTGERS TROPHY WINNERS
FOOTBALL,2020,RUTGERS TROPHY,RUTGERS TROPHY WINNERS
FOOTBALL,2022,RUTGERS TROPHY,RUTGERS TROPHY WINNERS
FOOTBALL,2024,RUTGERS TROPHY,RUTGERS TROPHY WINNERS
FOOTBALL,1968,UNDEFEATED,7-0-1
FOOTBALL,1972,UNDEFEATED,9-0
FOOTBALL,2004,UNDEFEATED,11-0
FOOTBALL,2011,UNDEFEATED,12-0
FOOTBALL,2015,UNDEFEATED,12-0
FOOTBALL,2020,UNDEFEATED,7-0
FOOTBALL,2022,UNDEFEATED,12-0
CHEER - COMPETITIVE,2017,LEAGUE,LEAGUE CHAMPION
CHEER - COMPETITIVE,2018,LEAGUE,LEAGUE CHAMPION
CHEER - COMPETITIVE,2009,LONG ISLAND,LONG ISLAND CHAMPION
CHEER - COMPETITIVE,0,OTHER,LI & NATIONAL SEMI-FINALIST
CHEER - GAMEDAY,2023,SUFFOLK COUNTY,SUFFOLK COUNTY CHAMPION
CHEER - GAMEDAY,0,STATE,3RD IN NYS (CLASS B)
GOLF - BOYS,1963,LEAGUE,LEAGUE CHAMPION
GOLF - BOYS,1970,LEAGUE,LEAGUE CHAMPION
GOLF - BOYS,1972,LEAGUE,LEAGUE CHAMPION
GOLF - BOYS,1973,LEAGUE,LEAGUE CHAMPION
GOLF - BOYS,1974,LEAGUE,LEAGUE CHAMPION
GOLF - BOYS,1975,LEAGUE,LEAGUE CHAMPION
GOLF - BOYS,1976,LEAGUE,LEAGUE CHAMPION
GOLF - BOYS,1977,LEAGUE,LEAGUE CHAMPION
GOLF - BOYS,1978,LEAGUE,LEAGUE CHAMPION
GOLF - BOYS,1979,LEAGUE,LEAGUE CHAMPION
GOLF - BOYS,1980,LEAGUE,LEAGUE CHAMPION
GOLF - BOYS,1981,LEAGUE,LEAGUE CHAMPION
GOLF - BOYS,1982,LEAGUE,LEAGUE CHAMPION
GOLF - BOYS,1983,LEAGUE,LEAGUE CHAMPION
GOLF - BOYS,1984,LEAGUE,LEAGUE CHAMPION
GOLF - BOYS,1985,LEAGUE,LEAGUE CHAMPION
GOLF - BOYS,1986,LEAGUE,LEAGUE CHAMPION
GOLF - BOYS,1987,LEAGUE,LEAGUE CHAMPION
GOLF - BOYS,1988,LEAGUE,LEAGUE CHAMPION
GOLF - BOYS,1989,LEAGUE,LEAGUE CHAMPION
GOLF - BOYS,1990,LEAGUE,LEAGUE CHAMPION
GOLF - BOYS,1991,LEAGUE,LEAGUE CHAMPION
GOLF - BOYS,1992,LEAGUE,LEAGUE CHAMPION
GOLF - BOYS,1993,LEAGUE,LEAGUE CHAMPION
GOLF - BOYS,1994,LEAGUE,LEAGUE CHAMPION
GOLF - BOYS,1995,LEAGUE,LEAGUE CHAMPION
GOLF - BOYS,1996,LEAGUE,LEAGUE CHAMPION
GOLF - BOYS,1997,LEAGUE,LEAGUE CHAMPION
GOLF - BOYS,1998,LEAGUE,LEAGUE CHAMPION
GOLF - BOYS,1999,LEAGUE,LEAGUE CHAMPION
GOLF - BOYS,2000,LEAGUE,LEAGUE CHAMPION
GOLF - BOYS,2001,LEAGUE,LEAGUE CHAMPION
GOLF - BOYS,2002,LEAGUE,LEAGUE CHAMPION
GOLF - BOYS,2004,LEAGUE,LEAGUE CHAMPION
GOLF - BOYS,2005,LEAGUE,LEAGUE CHAMPION
GOLF - BOYS,2006,LEAGUE,LEAGUE CHAMPION
GOLF - BOYS,2007,LEAGUE,LEAGUE CHAMPION
GOLF - BOYS,2008,LEAGUE,LEAGUE CHAMPION
GOLF - BOYS,2011,LEAGUE,LEAGUE CHAMPION
GOLF - BOYS,2012,LEAGUE,LEAGUE CHAMPION
GOLF - BOYS,2013,LEAGUE,LEAGUE CHAMPION
GOLF - BOYS,2014,LEAGUE,LEAGUE CHAMPION
GOLF - BOYS,2015,LEAGUE,LEAGUE CHAMPION
GOLF - BOYS,2016,LEAGUE,LEAGUE CHAMPION
GOLF - BOYS,2017,LEAGUE,LEAGUE CHAMPION
GOLF - BOYS,2018,LEAGUE,LEAGUE CHAMPION
GOLF - BOYS,2020,LEAGUE,LEAGUE CHAMPION
GOLF - BOYS,2021,LEAGUE,LEAGUE CHAMPION
GOLF - BOYS,2022,LEAGUE,LEAGUE CHAMPION
GOLF - BOYS,1963,SUFFOLK COUNTY,SUFFOLK COUNTY CHAMPION
GOLF - BOYS,1974,SUFFOLK COUNTY,SUFFOLK COUNTY CHAMPION
GOLF - BOYS,1981,SUFFOLK COUNTY,SUFFOLK COUNTY CHAMPION
GOLF - BOYS,1982,SUFFOLK COUNTY,SUFFOLK COUNTY CHAMPION
GOLF - BOYS,1991,SUFFOLK COUNTY,SUFFOLK COUNTY CHAMPION
GOLF - BOYS,1996,SUFFOLK COUNTY,SUFFOLK COUNTY CHAMPION
GOLF - BOYS,1997,SUFFOLK COUNTY,SUFFOLK COUNTY CHAMPION
GOLF - BOYS,1998,SUFFOLK COUNTY,SUFFOLK COUNTY CHAMPION
GOLF - BOYS,2014,SUFFOLK COUNTY,SUFFOLK COUNTY CHAMPION
GOLF - BOYS,1992,LONG ISLAND,LONG ISLAND CHAMPION
GOLF - BOYS,1996,LONG ISLAND,LONG ISLAND CHAMPION
GOLF - BOYS,1997,LONG ISLAND,LONG ISLAND CHAMPION
GOLF - BOYS,2007,LONG ISLAND,LONG ISLAND CHAMPION
GOLF - BOYS,2008,LONG ISLAND,LONG ISLAND CHAMPION
GOLF - BOYS,2014,LONG ISLAND,LONG ISLAND CHAMPION
GOLF - BOYS,1963,STATE,STATE CHAMPION
GOLF - BOYS,1974,STATE,STATE CHAMPION
CROSS COUNTRY - GIRLS,1987,LEAGUE,LEAGUE CHAMPION
CROSS COUNTRY - GIRLS,1991,LEAGUE,LEAGUE CHAMPION
CROSS COUNTRY - GIRLS,1992,LEAGUE,LEAGUE CHAMPION
CROSS COUNTRY - GIRLS,1997,LEAGUE,LEAGUE CHAMPION
CROSS COUNTRY - GIRLS,1998,LEAGUE,LEAGUE CHAMPION
CROSS COUNTRY - GIRLS,2005,LEAGUE,LEAGUE CHAMPION
CROSS COUNTRY - GIRLS,2006,LEAGUE,LEAGUE CHAMPION
CROSS COUNTRY - GIRLS,2009,LEAGUE,LEAGUE CHAMPION
CROSS COUNTRY - GIRLS,2011,LEAGUE,LEAGUE CHAMPION
CROSS COUNTRY - GIRLS,2020,LEAGUE,LEAGUE CHAMPION
CROSS COUNTRY - GIRLS,2021,LEAGUE,LEAGUE CHAMPION
CROSS COUNTRY - GIRLS,2022,LEAGUE,LEAGUE CHAMPION
CROSS COUNTRY - GIRLS,2023,LEAGUE,LEAGUE CHAMPION
CROSS COUNTRY - GIRLS,2024,LEAGUE,LEAGUE CHAMPION
CROSS COUNTRY - GIRLS,1991,SUFFOLK COUNTY,SUFFOLK COUNTY CHAMPION
CROSS COUNTRY - GIRLS,2005,SUFFOLK COUNTY,SUFFOLK COUNTY CHAMPION
CROSS COUNTRY - GIRLS,2006,SUFFOLK COUNTY,SUFFOLK COUNTY CHAMPION
CROSS COUNTRY - GIRLS,2020,SUFFOLK COUNTY,SUFFOLK COUNTY CHAMPION
CROSS COUNTRY - GIRLS,2021,SUFFOLK COUNTY,SUFFOLK COUNTY CHAMPION
CROSS COUNTRY - GIRLS,2022,SUFFOLK COUNTY,SUFFOLK COUNTY CHAMPION
CROSS COUNTRY - GIRLS,2023,SUFFOLK COUNTY,SUFFOLK COUNTY CHAMPION
CROSS COUNTRY - GIRLS,2024,SUFFOLK COUNTY,SUFFOLK COUNTY CHAMPION
CROSS COUNTRY - GIRLS,2022,STATE,STATE CHAMPION
CROSS COUNTRY - GIRLS,2023,STATE,STATE CHAMPION
CROSS COUNTRY - BOYS,1964,LEAGUE,LEAGUE CHAMPION
CROSS COUNTRY - BOYS,1965,LEAGUE,LEAGUE CHAMPION
CROSS COUNTRY - BOYS,1966,LEAGUE,LEAGUE CHAMPION
CROSS COUNTRY - BOYS,1968,LEAGUE,LEAGUE CHAMPION
CROSS COUNTRY - BOYS,1969,LEAGUE,LEAGUE CHAMPION
CROSS COUNTRY - BOYS,1970,LEAGUE,LEAGUE CHAMPION
CROSS COUNTRY - BOYS,1971,LEAGUE,LEAGUE CHAMPION
CROSS COUNTRY - BOYS,1972,LEAGUE,LEAGUE CHAMPION
CROSS COUNTRY - BOYS,1975,LEAGUE,LEAGUE CHAMPION
CROSS COUNTRY - BOYS,1983,LEAGUE,LEAGUE CHAMPION
CROSS COUNTRY - BOYS,1985,LEAGUE,LEAGUE CHAMPION
CROSS COUNTRY - BOYS,1986,LEAGUE,LEAGUE CHAMPION
CROSS COUNTRY - BOYS,1992,LEAGUE,LEAGUE CHAMPION
CROSS COUNTRY - BOYS,1995,LEAGUE,LEAGUE CHAMPION
CROSS COUNTRY - BOYS,1996,LEAGUE,LEAGUE CHAMPION
CROSS COUNTRY - BOYS,1998,LEAGUE,LEAGUE CHAMPION
CROSS COUNTRY - BOYS,1999,LEAGUE,LEAGUE CHAMPION
CROSS COUNTRY - BOYS,2000,LEAGUE,LEAGUE CHAMPION
CROSS COUNTRY - BOYS,2001,LEAGUE,LEAGUE CHAMPION
CROSS COUNTRY - BOYS,2004,LEAGUE,LEAGUE CHAMPION
CROSS COUNTRY - BOYS,2005,LEAGUE,LEAGUE CHAMPION
CROSS COUNTRY - BOYS,2006,LEAGUE,LEAGUE CHAMPION
CROSS COUNTRY - BOYS,1965,SUFFOLK COUNTY,SUFFOLK COUNTY CHAMPION
CROSS COUNTRY - BOYS,1968,SUFFOLK COUNTY,SUFFOLK COUNTY CHAMPION
CROSS COUNTRY - BOYS,1970,SUFFOLK COUNTY,SUFFOLK COUNTY CHAMPION
CROSS COUNTRY - BOYS,1971,SUFFOLK COUNTY,SUFFOLK COUNTY CHAMPION
CROSS COUNTRY - BOYS,1999,SUFFOLK COUNTY,SUFFOLK COUNTY CHAMPION
CROSS COUNTRY - BOYS,2000,SUFFOLK COUNTY,SUFFOLK COUNTY CHAMPION
CROSS COUNTRY - BOYS,2004,SUFFOLK COUNTY,SUFFOLK COUNTY CHAMPION
CROSS COUNTRY - BOYS,2005,SUFFOLK COUNTY,SUFFOLK COUNTY CHAMPION
CROSS COUNTRY - BOYS,2006,SUFFOLK COUNTY,SUFFOLK COUNTY CHAMPION
CROSS COUNTRY - BOYS,1971,STATE,STATE CHAMPION
CROSS COUNTRY - BOYS,2000,STATE,STATE CHAMPION
FIELD HOCKEY,1979,LEAGUE,LEAGUE CHAMPION
FIELD HOCKEY,1980,LEAGUE,LEAGUE CHAMPION
FIELD HOCKEY,1981,LEAGUE,LEAGUE CHAMPION
FIELD HOCKEY,1986,LEAGUE,LEAGUE CHAMPION
FIELD HOCKEY,1987,LEAGUE,LEAGUE CHAMPION
FIELD HOCKEY,1999,LEAGUE,LEAGUE CHAMPION
FIELD HOCKEY,2000,LEAGUE,LEAGUE CHAMPION
FIELD HOCKEY,2001,LEAGUE,LEAGUE CHAMPION
FIELD HOCKEY,2002,LEAGUE,LEAGUE CHAMPION
FIELD HOCKEY,2003,LEAGUE,LEAGUE CHAMPION
FIELD HOCKEY,2004,LEAGUE,LEAGUE CHAMPION
FIELD HOCKEY,2005,LEAGUE,LEAGUE CHAMPION
FIELD HOCKEY,2006,LEAGUE,LEAGUE CHAMPION
FIELD HOCKEY,2007,LEAGUE,LEAGUE CHAMPION
FIELD HOCKEY,2008,LEAGUE,LEAGUE CHAMPION
FIELD HOCKEY,2009,LEAGUE,LEAGUE CHAMPION
FIELD HOCKEY,2010,LEAGUE,LEAGUE CHAMPION
FIELD HOCKEY,2011,LEAGUE,LEAGUE CHAMPION
FIELD HOCKEY,2012,LEAGUE,LEAGUE CHAMPION
FIELD HOCKEY,2006,SUFFOLK COUNTY,SUFFOLK COUNTY CHAMPION
FIELD HOCKEY,2011,SUFFOLK COUNTY,SUFFOLK COUNTY CHAMPION
SOCCER - GIRLS,1993,LEAGUE,LEAGUE CHAMPION
SOCCER - GIRLS,1998,LEAGUE,LEAGUE CHAMPION
SOCCER - GIRLS,1999,LEAGUE,LEAGUE CHAMPION
SOCCER - GIRLS,2003,LEAGUE,LEAGUE CHAMPION
SOCCER - GIRLS,2004,LEAGUE,LEAGUE CHAMPION
SOCCER - GIRLS,2008,LEAGUE,LEAGUE CHAMPION
SOCCER - GIRLS,2010,LEAGUE,LEAGUE CHAMPION
SOCCER - GIRLS,2011,LEAGUE,LEAGUE CHAMPION
SOCCER - GIRLS,2012,LEAGUE,LEAGUE CHAMPION
SOCCER - GIRLS,2013,LEAGUE,LEAGUE CHAMPION
SOCCER - GIRLS,2014,LEAGUE,LEAGUE CHAMPION
SOCCER - GIRLS,1998,SUFFOLK COUNTY,SUFFOLK COUNTY CHAMPION
SOCCER - GIRLS,1999,SUFFOLK COUNTY,SUFFOLK COUNTY CHAMPION
SOCCER - GIRLS,2010,SUFFOLK COUNTY,SUFFOLK COUNTY CHAMPION
SOCCER - GIRLS,2013,SUFFOLK COUNTY,SUFFOLK COUNTY CHAMPION
SOCCER - BOYS,1960,LEAGUE,LEAGUE CHAMPION
SOCCER - BOYS,1972,LEAGUE,LEAGUE CHAMPION
SOCCER - BOYS,1979,LEAGUE,LEAGUE CHAMPION
SOCCER - BOYS,1999,LEAGUE,LEAGUE CHAMPION
SOCCER - BOYS,2000,LEAGUE,LEAGUE CHAMPION
SOCCER - BOYS,2001,LEAGUE,LEAGUE CHAMPION
SOCCER - BOYS,2004,LEAGUE,LEAGUE CHAMPION
SOCCER - BOYS,2005,LEAGUE,LEAGUE CHAMPION
SOCCER - BOYS,2006,LEAGUE,LEAGUE CHAMPION
SOCCER - BOYS,2007,LEAGUE,LEAGUE CHAMPION
SOCCER - BOYS,2010,LEAGUE,LEAGUE CHAMPION
SOCCER - BOYS,2011,LEAGUE,LEAGUE CHAMPION
SOCCER - BOYS,2012,LEAGUE,LEAGUE CHAMPION
SOCCER - BOYS,2013,LEAGUE,LEAGUE CHAMPION
SOCCER - BOYS,2001,SUFFOLK COUNTY,SUFFOLK COUNTY CHAMPION
SOCCER - BOYS,2007,SUFFOLK COUNTY,SUFFOLK COUNTY CHAMPION
SOCCER - BOYS,2010,SUFFOLK COUNTY,SUFFOLK COUNTY CHAMPION
SOCCER - BOYS,2013,SUFFOLK COUNTY,SUFFOLK COUNTY CHAMPION
SOCCER - BOYS,2001,LONG ISLAND,LONG ISLAND CHAMPION
SOCCER - BOYS,2007,LONG ISLAND,LONG ISLAND CHAMPION
SOCCER - BOYS,2010,LONG ISLAND,LONG ISLAND CHAMPION
SOCCER - BOYS,2010,STATE,STATE CHAMPION
VOLLEYBALL - GIRLS,1977,LEAGUE,LEAGUE CHAMPION
VOLLEYBALL - GIRLS,1979,LEAGUE,LEAGUE CHAMPION
VOLLEYBALL - GIRLS,1980,LEAGUE,LEAGUE CHAMPION
VOLLEYBALL - GIRLS,2013,LEAGUE,LEAGUE CHAMPION
VOLLEYBALL - GIRLS,2017,LEAGUE,LEAGUE CHAMPION
VOLLEYBALL - GIRLS,2018,LEAGUE,LEAGUE CHAMPION
VOLLEYBALL - GIRLS,2021,LEAGUE,LEAGUE CHAMPION
VOLLEYBALL - GIRLS,2022,LEAGUE,LEAGUE CHAMPION
VOLLEYBALL - GIRLS,2024,LEAGUE,LEAGUE CHAMPION
VOLLEYBALL - GIRLS,2022,SUFFOLK COUNTY,SUFFOLK COUNTY CHAMPION
VOLLEYBALL - GIRLS,2023,SUFFOLK COUNTY,SUFFOLK COUNTY CHAMPION
VOLLEYBALL - GIRLS,2024,SUFFOLK COUNTY,SUFFOLK COUNTY CHAMPION
VOLLEYBALL - GIRLS,2024,LONG ISLAND,LONG ISLAND CHAMPION
VOLLEYBALL - GIRLS,0,STATE,3RD IN NYS (CLASS A)
VOLLEYBALL - GIRLS,0,OTHER,CLASS A SOUTHEAST REGIONAL CHAMPIONS
VOLLEYBALL - BOYS,2011,LEAGUE,LEAGUE CHAMPION
VOLLEYBALL - BOYS,2013,LEAGUE,LEAGUE CHAMPION
VOLLEYBALL - BOYS,2015,LEAGUE,LEAGUE CHAMPION
VOLLEYBALL - BOYS,2017,LEAGUE,LEAGUE CHAMPION
VOLLEYBALL - BOYS,2013,SUFFOLK COUNTY,SUFFOLK COUNTY CHAMPION
TENNIS - GIRLS,1979,LEAGUE,LEAGUE CHAMPION
TENNIS - GIRLS,1985,LEAGUE,LEAGUE CHAMPION
TENNIS - GIRLS,1986,LEAGUE,LEAGUE CHAMPION
TENNIS - GIRLS,1988,LEAGUE,LEAGUE CHAMPION
TENNIS - GIRLS,1991,LEAGUE,LEAGUE CHAMPION
TENNIS - GIRLS,1994,LEAGUE,LEAGUE CHAMPION
TENNIS - GIRLS,1995,LEAGUE,LEAGUE CHAMPION
TENNIS - GIRLS,1996,LEAGUE,LEAGUE CHAMPION
TENNIS - GIRLS,1997,LEAGUE,LEAGUE CHAMPION
TENNIS - GIRLS,2003,LEAGUE,LEAGUE CHAMPION
TENNIS - GIRLS,2004,LEAGUE,LEAGUE CHAMPION
TENNIS - GIRLS,2005,LEAGUE,LEAGUE CHAMPION
TENNIS - GIRLS,2007,LEAGUE,LEAGUE CHAMPION
TENNIS - GIRLS,2008,LEAGUE,LEAGUE CHAMPION
TENNIS - GIRLS,2009,LEAGUE,LEAGUE CHAMPION
TENNIS - GIRLS,2021,LEAGUE,LEAGUE CHAMPION
TENNIS - GIRLS,2022,LEAGUE,LEAGUE CHAMPION
TENNIS - GIRLS,2023,LEAGUE,LEAGUE CHAMPION
SWIMMING AND DIVING - GIRLS,1981,LEAGUE,LEAGUE CHAMPION
SWIMMING AND DIVING - GIRLS,1982,LEAGUE,LEAGUE CHAMPION
SWIMMING AND DIVING - GIRLS,1983,LEAGUE,LEAGUE CHAMPION
SWIMMING AND DIVING - GIRLS,1988,LEAGUE,LEAGUE CHAMPION
SWIMMING AND DIVING - GIRLS,1991,LEAGUE,LEAGUE CHAMPION
SWIMMING AND DIVING - GIRLS,1997,LEAGUE,LEAGUE CHAMPION
SWIMMING AND DIVING - GIRLS,1998,LEAGUE,LEAGUE CHAMPION
SWIMMING AND DIVING - GIRLS,2003,LEAGUE,LEAGUE CHAMPION
SWIMMING AND DIVING - GIRLS,2004,LEAGUE,LEAGUE CHAMPION
SWIMMING AND DIVING - GIRLS,2005,LEAGUE,LEAGUE CHAMPION
SWIMMING AND DIVING - GIRLS,2006,LEAGUE,LEAGUE CHAMPION
SWIMMING AND DIVING - GIRLS,2007,LEAGUE,LEAGUE CHAMPION
SWIMMING AND DIVING - GIRLS,2011,LEAGUE,LEAGUE CHAMPION
SWIMMING AND DIVING - GIRLS,2012,LEAGUE,LEAGUE CHAMPION
SWIMMING AND DIVING - GIRLS,2015,LEAGUE,LEAGUE CHAMPION
SWIMMING AND DIVING - GIRLS,2016,LEAGUE,LEAGUE CHAMPION
SWIMMING AND DIVING - GIRLS,2017,LEAGUE,LEAGUE CHAMPION
SWIMMING AND DIVING - GIRLS,2018,LEAGUE,LEAGUE CHAMPION
SWIMMING AND DIVING - GIRLS,2020,LEAGUE,LEAGUE CHAMPION
SWIMMING AND DIVING - GIRLS,2021,LEAGUE,LEAGUE CHAMPION
SWIMMING AND DIVING - GIRLS,2022,LEAGUE,LEAGUE CHAMPION
SWIMMING AND DIVING - GIRLS,2023,LEAGUE,LEAGUE CHAMPION
SWIMMING AND DIVING - GIRLS,2024,LEAGUE,LEAGUE CHAMPION
SWIMMING AND DIVING - GIRLS,2015,SUFFOLK COUNTY,SUFFOLK COUNTY CHAMPION
BASKETBALL - BOYS,1939,LEAGUE,LEAGUE CHAMPION
BASKETBALL - BOYS,1947,LEAGUE,LEAGUE CHAMPION
BASKETBALL - BOYS,1949,LEAGUE,LEAGUE CHAMPION
BASKETBALL - BOYS,1950,LEAGUE,LEAGUE CHAMPION
BASKETBALL - BOYS,1951,LEAGUE,LEAGUE CHAMPION
BASKETBALL - BOYS,1952,LEAGUE,LEAGUE CHAMPION
BASKETBALL - BOYS,1970,LEAGUE,LEAGUE CHAMPION
BASKETBALL - BOYS,1989,LEAGUE,LEAGUE CHAMPION
BASKETBALL - BOYS,1990,LEAGUE,LEAGUE CHAMPION
BASKETBALL - BOYS,1947,SUFFOLK COUNTY,SUFFOLK COUNTY CHAMPION
BASKETBALL - BOYS,1951,SUFFOLK COUNTY,SUFFOLK COUNTY CHAMPION
BASKETBALL - GIRLS,1976,LEAGUE,LEAGUE CHAMPION
BASKETBALL - GIRLS,1977,LEAGUE,LEAGUE CHAMPION
BASKETBALL - GIRLS,1979,LEAGUE,LEAGUE CHAMPION
BASKETBALL - GIRLS,1980,LEAGUE,LEAGUE CHAMPION
BASKETBALL - GIRLS,1981,LEAGUE,LEAGUE CHAMPION
BASKETBALL - GIRLS,2021,LEAGUE,LEAGUE CHAMPION
WRESTLING - DUAL MEETS,1975,LEAGUE,LEAGUE CHAMPION
WRESTLING - DUAL MEETS,1976,LEAGUE,LEAGUE CHAMPION
WRESTLING - DUAL MEETS,1983,LEAGUE,LEAGUE CHAMPION
WRESTLING - DUAL MEETS,1996,LEAGUE,LEAGUE CHAMPION
WRESTLING - DUAL MEETS,2023,LEAGUE,LEAGUE CHAMPION
WRESTLING - DUAL MEETS,2025,LEAGUE,LEAGUE CHAMPION
WRESTLING - TOURNAMENTS,1983,LEAGUE,LEAGUE CHAMPION
WRESTLING - TOURNAMENTS,2022,LEAGUE,LEAGUE CHAMPION
WRESTLING - TOURNAMENTS,2025,LEAGUE,LEAGUE CHAMPION
WRESTLING - TOURNAMENTS,2022,SUFFOLK COUNTY,2022 SECTION XI DIVISION I INDIVIDUAL TOURNAMENT CHAMPIONS
SWIMMING AND DIVING - BOYS,1981,LEAGUE,LEAGUE CHAMPION
SWIMMING AND DIVING - BOYS,1982,LEAGUE,LEAGUE CHAMPION
SWIMMING AND DIVING - BOYS,1984,LEAGUE,LEAGUE CHAMPION
SWIMMING AND DIVING - BOYS,1985,LEAGUE,LEAGUE CHAMPION
SWIMMING AND DIVING - BOYS,1986,LEAGUE,LEAGUE CHAMPION
SWIMMING AND DIVING - BOYS,1994,LEAGUE,LEAGUE CHAMPION
SWIMMING AND DIVING - BOYS,2000,LEAGUE,LEAGUE CHAMPION
SWIMMING AND DIVING - BOYS,2009,LEAGUE,LEAGUE CHAMPION
SWIMMING AND DIVING - BOYS,2010,LEAGUE,LEAGUE CHAMPION
SWIMMING AND DIVING - BOYS,2011,LEAGUE,LEAGUE CHAMPION
SWIMMING AND DIVING - BOYS,2014,LEAGUE,LEAGUE CHAMPION
SWIMMING AND DIVING - BOYS,2015,LEAGUE,LEAGUE CHAMPION
SWIMMING AND DIVING - BOYS,2016,LEAGUE,LEAGUE CHAMPION
SWIMMING AND DIVING - BOYS,2020,LEAGUE,LEAGUE CHAMPION
WINTER TRACK AND FIELD - BOYS,2019,LEAGUE,LEAGUE CHAMPION
WINTER TRACK AND FIELD - GIRLS,2021,LEAGUE,LEAGUE CHAMPION
WINTER TRACK AND FIELD - GIRLS,2023,LEAGUE,LEAGUE CHAMPION
WINTER TRACK AND FIELD - GIRLS,2024,LEAGUE,LEAGUE CHAMPION
WINTER TRACK AND FIELD - GIRLS,2025,LEAGUE,LEAGUE CHAMPION
WINTER TRACK AND FIELD - GIRLS,1995,SUFFOLK COUNTY,SUFFOLK COUNTY CHAMPION
WINTER TRACK AND FIELD - GIRLS,2009,SUFFOLK COUNTY,SUFFOLK COUNTY CHAMPION
WINTER TRACK AND FIELD - GIRLS,2019,SUFFOLK COUNTY,SUFFOLK COUNTY CHAMPION
BOWLING,1990,LEAGUE,LEAGUE CHAMPION
BOWLING,1991,LEAGUE,LEAGUE CHAMPION
BOWLING,2011,LEAGUE,LEAGUE CHAMPION
BOWLING,1959,SUFFOLK COUNTY,SUFFOLK COUNTY CHAMPION
BOWLING,1991,SUFFOLK COUNTY,SUFFOLK COUNTY CHAMPION
BOWLING,2011,SUFFOLK COUNTY,SUFFOLK COUNTY CHAMPION
FENCING - BOYS,2021,LEAGUE,LEAGUE CHAMPION
BASEBALL,1926,LEAGUE,LEAGUE CHAMPION
BASEBALL,1937,LEAGUE,LEAGUE CHAMPION
BASEBALL,1950,LEAGUE,LEAGUE CHAMPION
BASEBALL,1963,LEAGUE,LEAGUE CHAMPION
BASEBALL,1979,LEAGUE,LEAGUE CHAMPION
BASEBALL,1983,LEAGUE,LEAGUE CHAMPION
BASEBALL,1984,LEAGUE,LEAGUE CHAMPION
BASEBALL,1992,LEAGUE,LEAGUE CHAMPION
BASEBALL,1999,LEAGUE,LEAGUE CHAMPION
BASEBALL,2011,LEAGUE,LEAGUE CHAMPION
BASEBALL,2016,LEAGUE,LEAGUE CHAMPION
BASEBALL,2017,LEAGUE,LEAGUE CHAMPION
BASEBALL,2022,LEAGUE,LEAGUE CHAMPION
BASEBALL,2025,LEAGUE,LEAGUE CHAMPION
BASEBALL,1938,SUFFOLK COUNTY,SUFFOLK COUNTY CHAMPION
BASEBALL,2019,SUFFOLK COUNTY,SUFFOLK COUNTY CHAMPION
BASEBALL,2025,SUFFOLK COUNTY,SUFFOLK COUNTY CHAMPION
BASEBALL,2019,LONG ISLAND,LONG ISLAND CHAMPION
BASEBALL,2025,LONG ISLAND,LONG ISLAND CHAMPION
BASEBALL,2025,STATE,CLASS A SOUTHEAST REGIONAL CHAMPIONS, CLASS A NYS SEMIFINALIST
SOFTBALL,1976,LEAGUE,LEAGUE CHAMPION
SOFTBALL,1977,LEAGUE,LEAGUE CHAMPION
SOFTBALL,1996,LEAGUE,LEAGUE CHAMPION
SOFTBALL,1997,LEAGUE,LEAGUE CHAMPION
SOFTBALL,2003,LEAGUE,LEAGUE CHAMPION
SOFTBALL,2009,LEAGUE,LEAGUE CHAMPION
SOFTBALL,2012,LEAGUE,LEAGUE CHAMPION
SOFTBALL,2013,LEAGUE,LEAGUE CHAMPION
SOFTBALL,2014,LEAGUE,LEAGUE CHAMPION
SOFTBALL,2015,LEAGUE,LEAGUE CHAMPION
SOFTBALL,2016,LEAGUE,LEAGUE CHAMPION
SOFTBALL,2017,LEAGUE,LEAGUE CHAMPION
SOFTBALL,2018,LEAGUE,LEAGUE CHAMPION
SOFTBALL,2019,LEAGUE,LEAGUE CHAMPION
SOFTBALL,2021,LEAGUE,LEAGUE CHAMPION
SOFTBALL,2023,LEAGUE,LEAGUE CHAMPION
SOFTBALL,1996,SUFFOLK COUNTY,SUFFOLK COUNTY CHAMPION
SOFTBALL,1999,SUFFOLK COUNTY,SUFFOLK COUNTY CHAMPION
SOFTBALL,2003,SUFFOLK COUNTY,SUFFOLK COUNTY CHAMPION
SOFTBALL,2005,SUFFOLK COUNTY,SUFFOLK COUNTY CHAMPION
SOFTBALL,2009,SUFFOLK COUNTY,SUFFOLK COUNTY CHAMPION
SOFTBALL,2012,SUFFOLK COUNTY,SUFFOLK COUNTY CHAMPION
SOFTBALL,2013,SUFFOLK COUNTY,SUFFOLK COUNTY CHAMPION
SOFTBALL,2014,SUFFOLK COUNTY,SUFFOLK COUNTY CHAMPION
SOFTBALL,2019,SUFFOLK COUNTY,SUFFOLK COUNTY CHAMPION
SOFTBALL,1996,LONG ISLAND,LONG ISLAND CHAMPION
SOFTBALL,1999,LONG ISLAND,LONG ISLAND CHAMPION
SOFTBALL,2003,LONG ISLAND,LONG ISLAND CHAMPION
SOFTBALL,2012,LONG ISLAND,LONG ISLAND CHAMPION
SOFTBALL,2013,LONG ISLAND,LONG ISLAND CHAMPION
SOFTBALL,2014,LONG ISLAND,LONG ISLAND CHAMPION
SOFTBALL,2019,LONG ISLAND,LONG ISLAND CHAMPION
SOFTBALL,2012,STATE,STATE CHAMPION
SPRING TRACK AND FIELD - BOYS,1968,LEAGUE,LEAGUE CHAMPION
SPRING TRACK AND FIELD - BOYS,1969,LEAGUE,LEAGUE CHAMPION
SPRING TRACK AND FIELD - BOYS,1970,LEAGUE,LEAGUE CHAMPION
SPRING TRACK AND FIELD - BOYS,1971,LEAGUE,LEAGUE CHAMPION
SPRING TRACK AND FIELD - BOYS,1972,LEAGUE,LEAGUE CHAMPION
SPRING TRACK AND FIELD - BOYS,1975,LEAGUE,LEAGUE CHAMPION
SPRING TRACK AND FIELD - BOYS,1976,LEAGUE,LEAGUE CHAMPION
SPRING TRACK AND FIELD - BOYS,1978,LEAGUE,LEAGUE CHAMPION
SPRING TRACK AND FIELD - BOYS,1981,LEAGUE,LEAGUE CHAMPION
SPRING TRACK AND FIELD - BOYS,1986,LEAGUE,LEAGUE CHAMPION
SPRING TRACK AND FIELD - BOYS,1996,LEAGUE,LEAGUE CHAMPION
SPRING TRACK AND FIELD - BOYS,2006,LEAGUE,LEAGUE CHAMPION
SPRING TRACK AND FIELD - BOYS,2021,LEAGUE,LEAGUE CHAMPION
SPRING TRACK AND FIELD - BOYS,1937,SUFFOLK COUNTY,SUFFOLK COUNTY CHAMPION
SPRING TRACK AND FIELD - BOYS,1938,SUFFOLK COUNTY,SUFFOLK COUNTY CHAMPION
SPRING TRACK AND FIELD - BOYS,1939,SUFFOLK COUNTY,SUFFOLK COUNTY CHAMPION
SPRING TRACK AND FIELD - BOYS,1949,SUFFOLK COUNTY,SUFFOLK COUNTY CHAMPION
SPRING TRACK AND FIELD - GIRLS,1983,LEAGUE,LEAGUE CHAMPION
SPRING TRACK AND FIELD - GIRLS,1984,LEAGUE,LEAGUE CHAMPION
SPRING TRACK AND FIELD - GIRLS,1986,LEAGUE,LEAGUE CHAMPION
SPRING TRACK AND FIELD - GIRLS,1995,LEAGUE,LEAGUE CHAMPION
SPRING TRACK AND FIELD - GIRLS,1996,LEAGUE,LEAGUE CHAMPION
SPRING TRACK AND FIELD - GIRLS,1997,LEAGUE,LEAGUE CHAMPION
SPRING TRACK AND FIELD - GIRLS,2001,LEAGUE,LEAGUE CHAMPION
SPRING TRACK AND FIELD - GIRLS,2002,LEAGUE,LEAGUE CHAMPION
SPRING TRACK AND FIELD - GIRLS,2004,LEAGUE,LEAGUE CHAMPION
SPRING TRACK AND FIELD - GIRLS,2005,LEAGUE,LEAGUE CHAMPION
SPRING TRACK AND FIELD - GIRLS,2006,LEAGUE,LEAGUE CHAMPION
SPRING TRACK AND FIELD - GIRLS,2008,LEAGUE,LEAGUE CHAMPION
SPRING TRACK AND FIELD - GIRLS,2009,LEAGUE,LEAGUE CHAMPION
SPRING TRACK AND FIELD - GIRLS,2012,LEAGUE,LEAGUE CHAMPION
SPRING TRACK AND FIELD - GIRLS,2021,LEAGUE,LEAGUE CHAMPION
SPRING TRACK AND FIELD - GIRLS,2022,LEAGUE,LEAGUE CHAMPION
SPRING TRACK AND FIELD - GIRLS,2023,LEAGUE,LEAGUE CHAMPION
SPRING TRACK AND FIELD - GIRLS,2024,LEAGUE,LEAGUE CHAMPION
SPRING TRACK AND FIELD - GIRLS,1995,SUFFOLK COUNTY,SUFFOLK COUNTY CHAMPION
SPRING TRACK AND FIELD - GIRLS,2021,SUFFOLK COUNTY,SUFFOLK COUNTY CHAMPION
SPRING TRACK AND FIELD - GIRLS,2022,SUFFOLK COUNTY,SUFFOLK COUNTY CHAMPION
SPRING TRACK AND FIELD - GIRLS,2023,SUFFOLK COUNTY,SUFFOLK COUNTY CHAMPION
SPRING TRACK AND FIELD - GIRLS,2024,SUFFOLK COUNTY,SUFFOLK COUNTY CHAMPION
GOLF - GIRLS,2002,LEAGUE,LEAGUE CHAMPION
GOLF - GIRLS,2003,LEAGUE,LEAGUE CHAMPION
GOLF - GIRLS,2004,LEAGUE,LEAGUE CHAMPION
GOLF - GIRLS,2005,LEAGUE,LEAGUE CHAMPION
GOLF - GIRLS,2006,LEAGUE,LEAGUE CHAMPION
GOLF - GIRLS,2008,LEAGUE,LEAGUE CHAMPION
GOLF - GIRLS,2009,LEAGUE,LEAGUE CHAMPION
GOLF - GIRLS,2010,LEAGUE,LEAGUE CHAMPION
GOLF - GIRLS,2011,LEAGUE,LEAGUE CHAMPION
GOLF - GIRLS,2012,LEAGUE,LEAGUE CHAMPION
GOLF - GIRLS,2013,LEAGUE,LEAGUE CHAMPION
GOLF - GIRLS,2014,LEAGUE,LEAGUE CHAMPION
GOLF - GIRLS,2015,LEAGUE,LEAGUE CHAMPION
GOLF - GIRLS,2016,LEAGUE,LEAGUE CHAMPION
GOLF - GIRLS,2017,LEAGUE,LEAGUE CHAMPION
GOLF - GIRLS,2017,LEAGUE,LEAGUE CHAMPION
GOLF - GIRLS,2019,LEAGUE,LEAGUE CHAMPION
GOLF - GIRLS,2021,LEAGUE,LEAGUE CHAMPION
GOLF - GIRLS,2024,LEAGUE,LEAGUE CHAMPION
GOLF - GIRLS,2025,LEAGUE,LEAGUE CHAMPION
GOLF - GIRLS,2010,SUFFOLK COUNTY,SUFFOLK COUNTY CHAMPION
GOLF - GIRLS,2016,SUFFOLK COUNTY,SUFFOLK COUNTY CHAMPION
GOLF - GIRLS,2017,SUFFOLK COUNTY,SUFFOLK COUNTY CHAMPION
GOLF - GIRLS,2018,SUFFOLK COUNTY,SUFFOLK COUNTY CHAMPION
GOLF - GIRLS,2019,SUFFOLK COUNTY,SUFFOLK COUNTY CHAMPION
GOLF - GIRLS,2004,SUFFOLK COUNTY,SUFFOLK COUNTY CHAMPION
GOLF - GIRLS,2002,SUFFOLK COUNTY,SUFFOLK COUNTY CHAMPION
GOLF - GIRLS,2003,SUFFOLK COUNTY,SUFFOLK COUNTY CHAMPION
GOLF - GIRLS,2006,SUFFOLK COUNTY,SUFFOLK COUNTY CHAMPION
GOLF - GIRLS,2007,SUFFOLK COUNTY,SUFFOLK COUNTY CHAMPION
GOLF - GIRLS,2002,LONG ISLAND,LONG ISLAND CHAMPION
GOLF - GIRLS,2003,LONG ISLAND,LONG ISLAND CHAMPION
GOLF - GIRLS,2007,LONG ISLAND,LONG ISLAND CHAMPION
GOLF - GIRLS,2010,LONG ISLAND,LONG ISLAND CHAMPION
TENNIS - BOYS,1964,LEAGUE,LEAGUE CHAMPION
TENNIS - BOYS,1965,LEAGUE,LEAGUE CHAMPION
TENNIS - BOYS,1966,LEAGUE,LEAGUE CHAMPION
TENNIS - BOYS,1967,LEAGUE,LEAGUE CHAMPION
TENNIS - BOYS,1968,LEAGUE,LEAGUE CHAMPION
TENNIS - BOYS,1986,LEAGUE,LEAGUE CHAMPION
TENNIS - BOYS,1991,LEAGUE,LEAGUE CHAMPION
TENNIS - BOYS,1994,LEAGUE,LEAGUE CHAMPION
TENNIS - BOYS,1997,LEAGUE,LEAGUE CHAMPION
TENNIS - BOYS,2011,LEAGUE,LEAGUE CHAMPION
TENNIS - BOYS,1935,SUFFOLK COUNTY,SUFFOLK COUNTY CHAMPION
TENNIS - BOYS,1938,SUFFOLK COUNTY,SUFFOLK COUNTY CHAMPION
TENNIS - BOYS,1940,SUFFOLK COUNTY,SUFFOLK COUNTY CHAMPION
LACROSSE - BOYS,2005,LEAGUE,LEAGUE CHAMPION
LACROSSE - BOYS,2006,LEAGUE,LEAGUE CHAMPION
LACROSSE - BOYS,2007,LEAGUE,LEAGUE CHAMPION
LACROSSE - BOYS,2008,LEAGUE,LEAGUE CHAMPION
LACROSSE - BOYS,2009,LEAGUE,LEAGUE CHAMPION
LACROSSE - BOYS,2012,LEAGUE,LEAGUE CHAMPION
LACROSSE - BOYS,2013,LEAGUE,LEAGUE CHAMPION
LACROSSE - BOYS,2015,LEAGUE,LEAGUE CHAMPION
LACROSSE - BOYS,2016,LEAGUE,LEAGUE CHAMPION
LACROSSE - BOYS,2018,LEAGUE,LEAGUE CHAMPION
LACROSSE - BOYS,2009,SUFFOLK COUNTY,SUFFOLK COUNTY CHAMPION
LACROSSE - BOYS,2012,SUFFOLK COUNTY,SUFFOLK COUNTY CHAMPION
LACROSSE - BOYS,2009,LONG ISLAND,LONG ISLAND CHAMPION
LACROSSE - GIRLS,2004,LEAGUE,LEAGUE CHAMPION
LACROSSE - GIRLS,2005,LEAGUE,LEAGUE CHAMPION
LACROSSE - GIRLS,2006,LEAGUE,LEAGUE CHAMPION
LACROSSE - GIRLS,2008,LEAGUE,LEAGUE CHAMPION
LACROSSE - GIRLS,2009,LEAGUE,LEAGUE CHAMPION
LACROSSE - GIRLS,2011,LEAGUE,LEAGUE CHAMPION
LACROSSE - GIRLS,2014,LEAGUE,LEAGUE CHAMPION
LACROSSE - GIRLS,2024,LEAGUE,LEAGUE CHAMPION
LACROSSE - GIRLS,2025,LEAGUE,LEAGUE CHAMPION
LACROSSE - GIRLS,2009,SUFFOLK COUNTY,SUFFOLK COUNTY CHAMPION
LACROSSE - GIRLS,2014,SUFFOLK COUNTY,SUFFOLK COUNTY CHAMPION
LACROSSE - GIRLS,2024,SUFFOLK COUNTY,SUFFOLK COUNTY CHAMPION
LACROSSE - GIRLS,2024,LONG ISLAND,LONG ISLAND CHAMPION
LACROSSE - GIRLS,2024,STATE,STATE CHAMPION
LACROSSE - GIRLS,2024,UNDEFEATED,21-0
LACROSSE - GIRLS,0,OTHER,RANKED 11TH IN THE COUNTRY
FLAG FOOTBALL - GIRLS,2024,LEAGUE,LEAGUE CHAMPION
FLAG FOOTBALL - GIRLS,2025,LEAGUE,LEAGUE CHAMPION
FLAG FOOTBALL - GIRLS,2024,SUFFOLK COUNTY,SUFFOLK COUNTY CHAMPION
FLAG FOOTBALL - GIRLS,2025,SUFFOLK COUNTY,SUFFOLK COUNTY CHAMPION
FLAG FOOTBALL - GIRLS,2024,LONG ISLAND,LONG ISLAND CHAMPION
FLAG FOOTBALL - GIRLS,2025,LONG ISLAND,LONG ISLAND CHAMPION
FLAG FOOTBALL - GIRLS,2024,STATE,RUNNER-UP IN DIVISION II NYS CHAMPIONSHIPS
FLAG FOOTBALL - GIRLS,2025,STATE,CLASS B NYS SEMIFINALIST
